CustomerID,Age,Gender,Country,Income,ProductQuality,ServiceQuality,PurchaseFrequency,FeedbackScore,LoyaltyLevel,SatisfactionScore
15873,35,Male,UK,51449,9,7,10,Medium,Silver,100.0
13405,58,Male,Germany,83084,6,2,11,High,Bronze,77.39
23386,54,Male,Germany,64889,9,3,2,Low,Silver,100.0
38282,29,Female,USA,68789,5,6,13,High,Bronze,73.65
12649,50,Male,France,96238,10,8,20,Low,Gold,100.0
12994,63,Male,USA,77351,5,8,6,Medium,Gold,100.0
12699,62,Male,USA,65552,10,8,7,Low,Bronze,100.0
11981,20,Female,USA,42643,10,10,12,Low,Bronze,100.0
33836,37,Male,Canada,62590,6,5,16,High,Silver,93.66
10934,43,Male,France,34801,6,9,5,High,Silver,94.43
37766,38,Female,UK,119510,6,10,18,Low,Bronze,100.0
33988,24,Male,Germany,34482,10,4,3,High,Bronze,90.59
35574,61,Female,France,67828,2,4,8,High,Gold,52.6
24140,42,Male,USA,86505,3,7,13,High,Silver,84.95
19462,20,Male,UK,114087,2,10,2,Medium,Bronze,94.88
34165,55,Female,Canada,82058,2,6,14,Medium,Bronze,80.94
18370,48,Male,Canada,47374,9,2,5,Medium,Bronze,68.2
18121,56,Female,France,90809,1,2,4,Medium,Gold,45.24
30408,54,Male,Germany,74759,5,5,1,Medium,Bronze,95.68
4548,53,Male,France,33964,5,5,13,Low,Bronze,80.59
14575,68,Male,Canada,102042,7,1,12,Medium,Bronze,81.63
29609,30,Male,France,77189,4,9,6,High,Gold,81.2
1232,46,Male,USA,117861,6,5,7,High,Bronze,100.0
18671,51,Male,Canada,107894,8,10,4,Low,Gold,100.0
12505,19,Female,Canada,102108,3,6,8,Low,Gold,77.56
19493,46,Male,UK,44526,8,1,13,Low,Silver,89.59
2036,28,Female,UK,45607,8,6,8,Low,Bronze,100.0
24831,53,Female,Canada,83045,5,10,18,Medium,Gold,100.0
35652,42,Female,USA,31311,1,3,13,High,Bronze,55.08
35621,48,Female,Canada,108957,1,9,19,Medium,Bronze,96.66
5304,62,Female,France,105841,4,6,14,Medium,Bronze,84.79
27789,43,Male,UK,68415,3,8,14,Medium,Silver,100.0
4887,22,Female,USA,50116,10,8,13,High,Gold,100.0
27946,29,Male,France,114981,2,8,2,High,Silver,85.38
14077,60,Male,UK,106286,6,6,18,High,Silver,100.0
21929,53,Female,UK,49288,5,6,2,High,Bronze,95.3
12896,61,Female,France,113537,4,2,5,High,Gold,82.02
11526,47,Male,Germany,88107,8,7,1,High,Silver,95.76
20333,46,Female,Germany,99490,5,7,13,High,Silver,100.0
3243,33,Female,UK,92601,6,7,19,Medium,Silver,81.38
12826,48,Female,UK,110110,1,6,6,Low,Bronze,75.42
14398,55,Female,France,69861,9,10,5,High,Silver,100.0
34049,28,Female,UK,67456,9,5,18,High,Gold,100.0
9203,37,Female,Canada,77211,7,10,1,High,Bronze,100.0
36592,43,Male,USA,37895,5,10,9,Low,Bronze,100.0
2178,56,Male,UK,109444,3,5,15,Low,Bronze,86.55
20022,54,Female,Germany,107355,10,3,20,Medium,Gold,100.0
2077,56,Male,USA,40397,9,7,1,High,Bronze,100.0
37629,64,Female,France,88952,3,4,13,High,Gold,92.78
12310,60,Male,Canada,115338,10,4,9,Medium,Gold,100.0
2146,68,Male,UK,52227,2,2,13,Low,Silver,65.21
38364,63,Male,USA,34001,6,10,13,High,Gold,100.0
34819,40,Male,Canada,42421,3,3,1,Medium,Silver,60.56
11943,39,Female,UK,92265,7,2,4,Medium,Silver,94.06
29453,52,Female,UK,62268,5,6,5,High,Silver,75.43
28825,63,Female,France,117579,9,6,15,Low,Gold,100.0
10557,56,Male,Germany,41588,5,4,7,Medium,Bronze,78.41
27319,69,Female,Canada,96786,9,2,6,Low,Gold,100.0
6542,57,Male,Canada,119644,6,2,16,High,Bronze,98.81
26335,22,Male,USA,77630,6,9,15,Medium,Silver,100.0
13569,55,Female,Germany,48216,4,5,9,Medium,Gold,64.4
20206,46,Female,Germany,82757,10,5,19,Low,Silver,100.0
23397,63,Male,UK,114689,9,3,15,Medium,Bronze,100.0
27200,40,Male,USA,94366,3,4,14,Low,Silver,71.31
21573,38,Male,Canada,116768,9,4,8,Low,Bronze,100.0
33906,61,Female,Canada,46079,6,2,9,High,Bronze,86.33
5664,47,Female,USA,32742,4,5,15,Medium,Bronze,63.42
28480,62,Male,Germany,37171,3,7,17,High,Silver,99.97
33389,32,Male,France,57836,3,9,3,High,Gold,88.8
23148,49,Male,Canada,36815,2,2,1,Low,Silver,35.96
10393,23,Female,UK,107239,3,4,18,Low,Gold,81.75
33632,53,Female,Canada,75161,6,3,6,Low,Gold,89.29
23799,23,Female,Canada,48598,7,4,12,Low,Gold,69.96
8133,37,Male,Germany,118650,9,6,11,High,Silver,100.0
32829,62,Female,UK,111242,1,4,2,Medium,Silver,65.41
35546,30,Female,Germany,73503,7,10,4,Low,Gold,100.0
12372,69,Female,Germany,41058,4,1,3,Low,Gold,36.87
15007,54,Female,Canada,74874,10,7,14,High,Silver,100.0
26591,22,Male,USA,42854,2,2,11,Medium,Gold,39.08
20240,35,Female,Germany,112735,1,6,9,High,Bronze,100.0
14539,30,Female,UK,57838,6,2,14,High,Gold,65.97
32604,34,Female,Canada,87412,5,3,11,Medium,Silver,85.03
24516,20,Female,Germany,47733,7,2,13,Low,Silver,66.03
18853,29,Male,UK,108963,4,10,4,High,Silver,100.0
5177,59,Female,Germany,105040,7,8,17,High,Gold,100.0
21223,41,Female,France,55908,8,1,2,Low,Silver,52.59
25371,62,Female,Germany,99265,6,10,15,Medium,Silver,100.0
8567,46,Male,UK,35833,8,10,20,Low,Bronze,100.0
26553,61,Male,USA,110680,9,8,1,Low,Silver,100.0
10391,29,Male,Canada,40021,3,7,19,Low,Gold,79.25
3424,54,Male,UK,107965,3,2,18,Low,Bronze,77.82
35024,65,Female,USA,93159,10,1,3,High,Gold,99.4
3021,42,Female,USA,112066,2,3,6,Medium,Silver,73.16
11204,30,Female,USA,31893,8,1,14,Low,Silver,71.56
22307,67,Female,France,61712,4,4,5,High,Silver,82.0
35370,34,Male,USA,75689,3,10,19,Medium,Gold,93.03
17162,59,Female,Germany,94571,6,2,8,Low,Gold,88.64
28054,32,Male,Canada,52300,2,4,8,High,Bronze,54.94
19097,61,Female,Canada,115280,6,1,15,Medium,Bronze,80.84
25686,53,Male,Germany,85628,1,9,10,Low,Bronze,86.88
11179,49,Male,France,75386,4,1,18,Low,Bronze,75.94
15315,65,Female,France,106659,2,8,3,Medium,Bronze,91.36
25019,32,Female,USA,85662,3,3,8,High,Gold,44.24
33512,42,Female,Canada,41553,5,1,20,High,Silver,43.22
26163,42,Male,France,80813,6,9,15,High,Gold,100.0
21236,55,Male,Germany,103380,1,2,15,Medium,Bronze,42.55
1309,43,Female,UK,43798,2,6,13,Medium,Bronze,67.12
17057,58,Male,Canada,102539,9,3,4,Medium,Bronze,100.0
36961,62,Female,Germany,53040,3,5,18,Medium,Gold,84.1
12634,22,Female,Canada,70126,8,3,2,High,Bronze,70.87
10680,54,Female,France,44630,4,5,12,Medium,Gold,55.11
24453,27,Female,Germany,110173,3,9,12,High,Gold,100.0
37194,19,Female,USA,60880,2,4,3,High,Bronze,31.92
23742,38,Male,France,35510,3,5,17,Low,Gold,49.45
5945,68,Male,USA,77803,8,6,20,High,Gold,100.0
9659,38,Female,UK,55161,5,9,6,Medium,Silver,98.12
16643,37,Male,France,93268,5,3,3,High,Silver,83.85
25202,32,Male,UK,116517,10,7,18,High,Silver,100.0
27021,61,Female,Germany,43364,9,4,18,High,Silver,92.11
4974,21,Female,Canada,115840,3,6,12,Medium,Gold,76.11
1960,20,Female,UK,71279,1,7,18,High,Bronze,73.67
32375,19,Female,UK,72679,8,1,19,High,Gold,75.67
32705,69,Female,France,104774,1,1,15,Medium,Gold,77.21
31922,26,Male,France,59710,10,4,10,Medium,Silver,100.0
6862,69,Female,Germany,52238,6,8,3,Low,Silver,100.0
26281,25,Female,UK,36352,4,9,8,Low,Gold,67.67
4512,61,Male,Germany,79024,2,6,10,High,Silver,83.9
4310,62,Female,USA,78073,1,1,1,High,Gold,65.24
16254,21,Male,USA,40609,6,4,13,High,Gold,65.46
687,67,Male,Germany,63692,4,9,9,Medium,Silver,91.88
21582,65,Female,France,110738,9,5,3,Medium,Bronze,100.0
33863,51,Female,UK,67927,3,9,17,Low,Gold,100.0
4409,20,Male,Germany,68419,10,10,5,Medium,Gold,100.0
18538,22,Male,France,52297,9,2,7,Low,Silver,83.26
37562,63,Male,USA,38241,6,7,12,Medium,Bronze,100.0
16109,36,Female,USA,56458,9,10,14,Low,Gold,100.0
5291,33,Female,UK,118013,9,3,14,Medium,Gold,100.0
28011,55,Female,USA,72047,1,3,10,High,Bronze,58.0
674,64,Male,France,115782,10,5,9,Low,Silver,100.0
2865,55,Female,USA,49195,1,10,14,Medium,Bronze,78.52
10109,64,Male,Germany,84998,9,9,7,Low,Bronze,100.0
25544,67,Female,USA,68243,1,2,20,High,Gold,66.49
21818,22,Male,USA,59507,1,8,12,High,Silver,80.54
3803,68,Male,USA,62052,4,6,6,Medium,Silver,96.99
25820,66,Female,USA,63849,8,8,16,High,Bronze,100.0
36662,64,Female,Canada,45378,4,5,15,Low,Silver,78.0
28432,22,Female,USA,73382,7,7,16,Low,Gold,90.23
31279,23,Male,Germany,53100,10,8,10,High,Bronze,100.0
17371,21,Female,USA,74021,2,4,9,Medium,Bronze,41.01
16186,26,Male,Germany,92962,10,3,1,Low,Silver,84.07
7168,29,Female,Canada,90010,4,7,13,Medium,Gold,90.24
25931,33,Male,USA,93457,6,5,19,Medium,Gold,99.32
33782,68,Female,France,114635,8,10,14,High,Silver,100.0
25717,41,Female,USA,47893,1,8,3,Medium,Silver,96.62
12626,33,Male,France,93745,8,3,2,Low,Bronze,98.4
29771,46,Male,Germany,55653,5,9,20,High,Silver,100.0
21618,28,Male,UK,45546,3,4,8,Medium,Bronze,57.39
36112,33,Female,UK,44024,9,7,5,Medium,Bronze,91.74
16153,65,Male,USA,78263,2,8,2,Low,Silver,78.72
13396,45,Female,USA,79831,9,7,16,High,Silver,100.0
37537,40,Female,Canada,79249,2,9,16,Medium,Bronze,99.1
13799,47,Female,UK,43420,8,5,6,Medium,Gold,88.91
8589,65,Female,Canada,53959,1,8,15,Low,Silver,77.14
33518,34,Male,USA,88419,5,10,17,High,Gold,100.0
8540,50,Male,France,110919,3,5,11,Low,Gold,82.59
38394,45,Female,UK,112232,10,4,11,Low,Silver,100.0
17525,55,Female,France,114369,1,3,12,High,Silver,82.05
28291,35,Male,USA,73577,3,9,14,Low,Gold,100.0
29745,22,Male,France,75597,5,1,8,High,Silver,50.37
24233,36,Male,Canada,84548,10,3,20,Low,Silver,100.0
4937,27,Male,France,96819,5,10,7,High,Bronze,81.54
2185,35,Male,USA,84243,8,3,3,Low,Bronze,77.36
16824,38,Female,France,80707,10,1,16,Medium,Bronze,88.19
16287,36,Female,France,83560,7,4,14,Low,Gold,75.25
3627,54,Female,Canada,49278,3,7,19,High,Silver,100.0
35161,43,Male,Canada,64214,4,3,1,High,Gold,55.43
25314,19,Female,Germany,51244,7,5,20,Medium,Bronze,87.9
26353,19,Male,USA,83228,2,10,20,Medium,Silver,99.53
25506,25,Male,UK,47915,3,7,12,Low,Bronze,69.49
7955,60,Male,Germany,111388,6,4,8,Low,Silver,94.59
38132,63,Male,UK,114110,7,7,6,Medium,Silver,97.9
4303,28,Female,UK,118363,10,9,5,High,Gold,100.0
25245,27,Male,UK,108033,5,6,8,Low,Gold,90.11
33575,36,Male,USA,114950,4,5,4,High,Bronze,84.76
21047,40,Female,Germany,111681,10,5,9,Low,Gold,100.0
22623,66,Male,Germany,78309,8,6,7,Medium,Bronze,100.0
6143,25,Female,Germany,107816,2,8,12,Low,Gold,100.0
32953,30,Female,Germany,73150,9,5,5,Low,Silver,91.75
6890,69,Male,USA,72609,4,2,1,Medium,Silver,61.71
4401,50,Female,Germany,93050,6,7,15,Low,Bronze,100.0
28740,27,Female,USA,115033,5,4,3,Medium,Gold,74.68
2736,18,Female,France,78812,3,8,11,High,Silver,83.36
33479,33,Female,France,69844,9,1,13,Medium,Bronze,100.0
2408,19,Male,Germany,60343,1,9,20,High,Silver,87.65
325,42,Female,USA,56777,8,4,12,High,Silver,94.41
11714,41,Male,Germany,53024,9,4,13,Low,Gold,99.4
28288,35,Male,France,112577,1,6,8,Low,Bronze,70.33
16543,62,Male,UK,68804,6,2,7,High,Gold,85.79
570,57,Female,Canada,69948,4,8,1,Low,Gold,100.0
7200,42,Female,Germany,107076,1,9,5,Medium,Bronze,88.12
31970,65,Female,Germany,59183,6,10,10,Medium,Gold,100.0
38284,58,Male,France,115134,7,7,18,High,Bronze,100.0
19564,26,Male,UK,111375,10,4,13,Medium,Silver,100.0
17760,37,Male,France,45556,7,5,7,High,Gold,89.43
14200,36,Female,France,54554,10,3,5,Medium,Gold,84.39
12285,35,Female,Canada,108188,5,7,20,Medium,Bronze,100.0
19335,25,Female,USA,50191,6,7,20,High,Silver,98.84
31123,34,Female,France,94286,6,8,2,Medium,Bronze,100.0
12652,54,Male,USA,83507,8,10,3,Low,Gold,100.0
8702,47,Male,USA,62725,8,3,1,Low,Gold,75.88
6389,63,Female,Germany,89624,4,9,3,Low,Bronze,100.0
10352,46,Female,UK,92428,9,8,1,Low,Bronze,100.0
4299,33,Male,France,45480,10,3,17,Low,Silver,89.55
5571,40,Female,UK,65135,4,7,17,Medium,Gold,97.86
35786,53,Male,Germany,100173,2,5,12,Medium,Silver,80.69
12181,24,Female,Germany,64484,4,6,14,Medium,Silver,81.5
124,26,Female,USA,93460,5,7,4,Low,Bronze,99.76
13447,33,Female,USA,112511,5,3,16,Low,Silver,92.33
172,53,Male,France,95639,4,8,4,Medium,Silver,100.0
19079,25,Male,Germany,46735,2,3,3,High,Gold,41.95
22732,26,Female,France,84999,10,4,7,High,Silver,100.0
15486,39,Male,France,67646,1,4,10,Low,Silver,59.87
12848,36,Female,USA,31166,3,9,14,Medium,Silver,98.18
13750,56,Female,Canada,111574,6,10,18,Medium,Bronze,100.0
36423,38,Female,France,59905,8,8,14,High,Gold,100.0
19262,21,Female,France,43730,7,5,2,Low,Bronze,84.95
9249,48,Female,France,119811,9,9,10,Low,Silver,100.0
13958,43,Female,Canada,117019,5,1,4,Low,Silver,69.96
11106,19,Male,Canada,95173,2,7,12,Low,Gold,89.5
21161,38,Male,France,63391,7,8,12,Low,Silver,100.0
16664,53,Female,USA,107937,1,3,20,Medium,Silver,73.42
19509,18,Male,France,50636,5,8,10,Low,Silver,80.94
14226,61,Male,Canada,101186,10,4,18,High,Bronze,100.0
12040,39,Male,Canada,46771,2,7,5,High,Bronze,60.95
28903,36,Female,USA,70625,3,2,18,Low,Silver,63.72
11071,21,Female,UK,101395,1,4,11,Low,Bronze,57.98
12482,30,Female,Germany,96773,5,10,12,Medium,Bronze,100.0
6123,69,Male,Germany,71711,9,2,6,Low,Bronze,100.0
7558,46,Male,UK,116804,6,1,11,Medium,Silver,89.2
18090,20,Male,Canada,54945,2,1,13,Low,Gold,42.62
20680,57,Male,UK,97295,9,7,13,Low,Bronze,100.0
32756,32,Female,France,34950,6,2,12,Medium,Gold,67.79
16996,62,Male,USA,59838,9,10,9,Medium,Gold,100.0
3381,22,Female,France,51987,5,1,2,Medium,Gold,46.07
6900,21,Female,Germany,77355,10,8,5,Medium,Silver,100.0
24291,43,Male,Germany,107564,8,8,8,High,Gold,100.0
22014,46,Male,Canada,91550,6,2,8,Medium,Gold,92.28
28720,50,Female,UK,31380,6,7,11,High,Silver,99.02
8745,68,Male,USA,102313,5,6,17,High,Gold,100.0
7343,32,Male,Canada,76988,4,10,15,Medium,Bronze,100.0
18120,53,Female,Germany,51155,2,4,2,Low,Gold,48.39
23944,43,Male,Canada,99681,10,1,1,Low,Silver,95.76
8200,46,Female,USA,71973,7,6,14,Low,Silver,93.5
27772,37,Male,France,50635,2,7,6,Low,Gold,83.2
16989,37,Female,Canada,109068,8,8,9,High,Bronze,100.0
24663,62,Female,USA,78465,2,10,5,Medium,Gold,100.0
34830,30,Female,USA,47731,6,9,5,Medium,Gold,100.0
20581,33,Male,USA,39719,4,4,18,Low,Bronze,62.9
423,59,Male,France,33336,7,6,19,Medium,Silver,87.78
9335,54,Female,Canada,85558,9,9,14,Medium,Silver,100.0
27846,19,Female,USA,76374,10,2,2,High,Gold,69.31
38166,35,Female,Canada,99744,5,7,1,Low,Silver,79.06
5792,56,Male,USA,55231,8,7,3,Medium,Gold,100.0
10738,64,Male,Germany,36087,8,4,2,Medium,Silver,91.48
17103,69,Female,Canada,51114,4,4,9,Medium,Silver,67.32
12842,22,Female,USA,52154,10,5,19,High,Gold,76.34
35935,40,Male,UK,99124,2,10,4,Low,Bronze,99.4
14181,56,Female,Germany,91211,10,6,13,Medium,Bronze,100.0
8882,23,Male,Canada,62186,10,9,3,Low,Gold,100.0
37258,57,Male,UK,66014,10,6,4,Low,Bronze,100.0
11940,36,Male,France,58650,3,10,19,High,Silver,100.0
22990,22,Male,Germany,51238,3,8,5,Medium,Silver,77.16
6268,63,Male,France,83852,9,3,16,High,Bronze,100.0
1303,38,Female,Canada,50082,1,10,5,High,Bronze,80.77
5789,31,Female,UK,98687,9,6,14,Medium,Gold,100.0
27640,49,Female,UK,68787,10,4,17,Medium,Bronze,100.0
582,52,Male,USA,37982,10,10,10,Low,Bronze,100.0
27393,60,Male,UK,104336,3,8,9,High,Bronze,100.0
27186,59,Female,Germany,78157,2,5,9,High,Silver,86.28
24116,52,Male,UK,67727,7,3,17,Medium,Gold,99.93
36928,53,Female,UK,64615,8,8,6,Low,Gold,97.62
7248,40,Female,Germany,43414,1,1,2,Medium,Gold,34.26
36324,54,Male,Germany,87317,1,9,17,Low,Gold,100.0
33816,65,Male,Germany,48720,7,10,16,Medium,Silver,100.0
2478,42,Female,UK,75994,8,8,2,Low,Silver,100.0
34028,33,Male,Germany,85299,5,7,3,High,Silver,92.5
22117,23,Male,France,73990,4,1,11,Low,Gold,63.14
19255,51,Female,France,35503,6,4,9,Low,Gold,69.03
361,51,Female,USA,77801,9,10,15,High,Bronze,100.0
5237,50,Male,Canada,103268,9,2,14,High,Silver,100.0
22494,32,Male,Germany,75302,1,6,2,High,Gold,75.1
10009,45,Male,Germany,96968,10,8,7,High,Bronze,100.0
25934,61,Male,UK,31021,2,8,20,Low,Bronze,73.89
22313,33,Female,Canada,89610,10,10,18,Low,Bronze,100.0
35194,33,Male,UK,56204,8,9,9,High,Bronze,100.0
17649,36,Male,Germany,98209,4,4,15,High,Silver,69.56
24122,47,Female,Germany,49263,10,4,6,Low,Silver,83.82
19399,48,Female,Germany,112847,3,3,6,Medium,Bronze,70.98
34090,63,Female,USA,112482,7,10,9,Medium,Bronze,100.0
14013,19,Female,France,116175,7,2,13,Low,Silver,95.4
10992,45,Female,Germany,86474,8,9,3,Medium,Bronze,100.0
1991,34,Male,USA,38021,3,3,18,Low,Silver,54.05
4264,21,Male,USA,64664,3,5,6,Medium,Silver,58.21
23851,63,Female,UK,119415,8,4,20,High,Bronze,100.0
11349,44,Female,UK,86330,9,6,16,Low,Bronze,100.0
31441,65,Male,Germany,87774,6,1,14,Low,Gold,61.21
5110,24,Male,UK,68752,2,9,15,Medium,Silver,93.54
8140,31,Female,Germany,97883,2,9,11,Low,Silver,99.02
18505,38,Male,Germany,54479,9,10,3,High,Silver,100.0
5760,44,Female,UK,106670,6,10,18,High,Bronze,100.0
12408,62,Male,USA,84143,10,1,20,High,Gold,100.0
32410,55,Male,UK,46568,5,5,9,High,Silver,76.9
12540,19,Male,France,56567,4,7,1,Low,Gold,81.45
28520,21,Male,Canada,80834,6,2,1,Medium,Gold,72.13
33471,54,Female,UK,95070,4,5,11,Medium,Silver,77.36
670,46,Female,Germany,47658,9,10,15,Low,Gold,100.0
28513,34,Male,USA,36521,4,6,11,High,Silver,79.24
14842,58,Male,Canada,34723,9,1,20,High,Silver,92.9
30725,59,Female,USA,41754,7,8,8,High,Gold,88.18
14608,49,Female,Germany,84315,7,7,6,Low,Bronze,100.0
32920,25,Male,Germany,119785,8,3,17,High,Gold,100.0
10813,31,Male,Germany,94361,2,7,20,High,Silver,97.01
2205,62,Male,USA,85225,8,2,14,High,Bronze,95.08
14456,39,Female,Canada,75964,3,7,18,High,Bronze,100.0
23506,63,Female,Canada,44426,8,8,3,Low,Silver,100.0
24158,30,Female,USA,119501,7,5,19,Low,Silver,100.0
8817,66,Female,France,62094,7,4,19,Low,Gold,100.0
5624,37,Male,USA,116731,1,10,5,High,Silver,100.0
32069,33,Female,USA,103952,5,8,11,Medium,Gold,88.99
17169,49,Female,France,110561,10,7,4,Low,Gold,100.0
16686,43,Female,USA,70080,3,7,11,High,Bronze,78.24
11089,57,Female,Canada,69207,2,4,10,High,Gold,65.3
14515,27,Female,Germany,99772,8,10,12,Low,Silver,100.0
21153,39,Male,UK,104584,9,8,12,High,Gold,100.0
27860,54,Female,UK,54912,9,3,5,Low,Gold,100.0
37260,52,Male,Germany,88235,4,8,19,High,Silver,100.0
8762,20,Female,Germany,98885,7,6,19,Low,Bronze,100.0
19145,69,Male,UK,90942,7,4,9,Low,Gold,100.0
14927,59,Female,France,119291,2,8,3,High,Silver,97.67
35297,58,Female,USA,116596,2,8,7,Low,Silver,100.0
32364,49,Male,France,103491,10,1,10,High,Bronze,100.0
23808,64,Male,USA,31811,4,10,15,Low,Silver,100.0
20094,68,Male,UK,48876,7,4,3,Medium,Gold,100.0
17349,31,Male,UK,38101,5,8,18,High,Bronze,84.47
29132,31,Female,USA,48825,4,3,18,Low,Silver,56.76
19204,52,Male,USA,96553,7,8,7,High,Silver,100.0
34926,38,Male,Canada,105168,3,1,7,Medium,Gold,69.19
19816,32,Female,Canada,38340,2,9,16,Low,Silver,88.1
11563,23,Female,USA,49274,3,10,9,High,Gold,88.2
22068,68,Male,USA,53266,7,1,5,High,Bronze,90.82
35251,23,Female,UK,65891,4,7,3,High,Silver,75.83
8827,60,Male,France,118343,6,1,7,Low,Silver,75.8
3998,64,Female,UK,92026,9,1,5,Low,Gold,93.52
34919,38,Male,Germany,87368,2,2,15,High,Bronze,54.86
10810,69,Female,France,96504,4,2,8,High,Gold,73.32
17464,26,Female,USA,80262,5,7,6,Medium,Gold,84.95
17557,22,Female,USA,40433,8,10,9,Low,Silver,100.0
20060,22,Female,Germany,93868,6,2,15,High,Gold,61.6
4332,66,Female,France,112668,8,7,3,High,Bronze,100.0
30284,31,Female,Canada,113710,5,6,11,Medium,Bronze,76.54
29838,31,Male,France,64122,8,4,14,High,Gold,100.0
2875,18,Female,Canada,31392,5,4,6,Medium,Bronze,63.17
14420,42,Male,Germany,55424,10,3,5,High,Gold,83.07
27985,30,Male,USA,103799,4,9,20,Low,Gold,100.0
3945,30,Male,Germany,60089,1,9,13,Medium,Gold,85.54
31645,49,Female,Canada,63968,5,4,5,High,Gold,82.75
37110,21,Male,Germany,73150,10,2,13,Medium,Silver,89.33
36014,53,Female,France,109114,3,4,15,High,Silver,82.47
4454,60,Female,Canada,103733,7,1,16,High,Gold,90.43
34928,44,Male,USA,31729,4,10,5,Low,Gold,80.86
770,45,Female,France,95016,3,6,7,Low,Silver,75.61
2850,28,Male,Canada,95971,4,6,19,High,Silver,94.47
34845,61,Female,USA,65321,5,4,4,High,Gold,68.32
33404,44,Male,France,86462,5,5,7,Medium,Silver,97.91
17621,46,Female,USA,68138,9,1,11,Low,Bronze,93.6
17138,61,Male,France,102264,1,9,17,High,Silver,100.0
37710,62,Female,France,38969,8,8,14,Medium,Silver,100.0
33545,44,Male,France,82390,6,4,11,High,Gold,91.34
17084,29,Female,USA,75162,1,9,1,Medium,Silver,62.31
8339,29,Female,Germany,50970,6,10,17,Medium,Silver,100.0
2317,39,Male,France,95144,5,7,18,Low,Gold,100.0
22471,38,Male,UK,76529,5,5,4,Medium,Gold,90.52
7938,43,Male,Canada,81792,7,8,5,Low,Gold,100.0
2504,39,Female,France,31265,9,7,11,High,Gold,99.61
11006,23,Female,USA,55074,7,2,19,High,Gold,69.41
16406,46,Male,France,119387,9,3,8,High,Gold,100.0
13214,21,Male,Germany,75909,2,5,15,High,Bronze,69.6
6860,63,Male,France,74583,6,4,11,Low,Silver,97.57
30015,26,Male,France,86513,8,4,15,Low,Gold,100.0
12762,52,Male,USA,55387,2,6,11,Medium,Silver,90.09
6489,36,Male,Canada,85277,7,7,20,Medium,Bronze,100.0
21370,60,Male,Germany,35943,3,10,14,High,Bronze,93.39
2385,32,Male,Canada,80137,6,9,2,Low,Gold,99.28
38108,22,Male,Canada,62424,5,6,13,Medium,Bronze,100.0
28714,20,Male,Germany,119364,7,4,2,High,Silver,83.74
35795,67,Male,Canada,92648,2,1,7,High,Silver,66.44
15993,30,Female,Germany,107690,3,3,20,Low,Silver,99.52
28984,19,Female,UK,83179,3,6,1,Low,Gold,72.14
31081,43,Male,USA,30631,7,4,3,Low,Silver,67.5
17194,21,Male,UK,96582,3,5,8,High,Silver,73.6
28419,56,Male,Germany,119144,1,1,17,Medium,Bronze,60.54
12936,38,Male,UK,90888,4,7,19,Medium,Gold,100.0
28322,41,Female,Canada,99381,10,9,20,Low,Gold,100.0
17074,36,Male,UK,90977,2,2,14,High,Bronze,75.32
20914,27,Male,Germany,52178,5,2,4,Medium,Bronze,55.42
25567,33,Female,Germany,67849,2,3,8,Low,Silver,76.55
27019,42,Male,UK,118117,6,2,19,Low,Silver,87.15
36524,32,Female,France,70323,2,6,9,Low,Gold,80.5
8682,46,Female,Canada,57106,5,8,1,Low,Gold,94.36
35098,31,Male,France,68087,6,7,7,High,Silver,92.96
8764,39,Male,Canada,65810,6,4,6,High,Bronze,81.81
38198,22,Female,UK,90451,9,3,7,Low,Bronze,99.72
20475,61,Male,France,44673,4,10,2,High,Bronze,97.47
32522,30,Female,USA,72664,3,4,14,High,Bronze,72.74
37075,60,Female,France,57623,5,5,4,Low,Silver,71.34
16323,69,Male,Canada,96764,5,3,10,Medium,Bronze,82.94
21167,41,Male,France,56401,5,2,14,Medium,Silver,51.11
9548,29,Male,USA,34260,2,2,9,Low,Gold,31.6
18587,28,Female,Canada,36890,1,7,3,Low,Silver,72.64
31866,63,Female,Germany,31392,5,10,11,Low,Silver,100.0
7857,63,Female,Canada,84317,10,2,8,Low,Gold,100.0
34937,62,Male,USA,115304,3,8,4,Low,Silver,100.0
25249,46,Male,UK,51449,10,10,18,Medium,Gold,100.0
22899,62,Female,France,78048,9,6,20,Medium,Bronze,100.0
27922,42,Male,USA,51924,3,4,16,Low,Silver,78.19
4429,28,Female,UK,84615,7,5,18,High,Silver,87.27
335,50,Male,Canada,115400,1,5,15,Low,Gold,81.58
11744,38,Male,France,73995,4,4,12,Medium,Bronze,89.5
16439,39,Female,Germany,70334,10,3,3,Low,Gold,93.1
14823,41,Female,UK,74088,9,10,14,High,Gold,100.0
31355,44,Female,France,112631,2,3,17,High,Silver,62.66
4056,36,Male,France,44552,7,9,13,High,Silver,98.07
1768,67,Female,Canada,97825,1,9,3,Low,Gold,86.53
23373,33,Female,Canada,97643,3,2,19,High,Gold,75.42
17307,59,Male,UK,48690,1,5,4,High,Bronze,54.39
22211,22,Female,USA,63279,7,6,9,Low,Gold,89.22
3084,69,Male,Germany,83216,6,1,12,High,Bronze,72.11
2367,63,Female,USA,57822,7,9,12,Low,Bronze,100.0
31437,25,Female,France,38358,5,9,14,Low,Silver,98.1
8325,21,Female,USA,86085,6,4,15,Low,Bronze,79.72
30821,55,Female,Germany,78283,4,10,20,High,Silver,100.0
9948,25,Female,France,76207,2,2,4,Medium,Gold,56.86
8087,31,Male,France,107661,7,9,15,High,Bronze,100.0
22824,64,Male,Germany,99489,7,3,13,Medium,Bronze,100.0
23181,64,Male,Canada,41534,4,5,10,Medium,Gold,78.05
36184,49,Female,France,45871,7,7,17,Low,Gold,100.0
28142,40,Female,UK,95263,4,2,11,Low,Gold,76.29
15572,62,Male,USA,40467,2,6,5,Medium,Gold,68.84
21363,66,Male,France,108361,6,7,17,Medium,Bronze,100.0
3836,45,Male,USA,107625,2,3,12,Medium,Gold,73.87
22104,41,Male,USA,75930,1,10,1,High,Bronze,84.22
21055,31,Male,Germany,61460,10,10,13,Medium,Gold,100.0
35064,32,Female,Germany,81643,6,8,14,Medium,Gold,100.0
10495,24,Female,USA,52128,7,1,13,High,Silver,73.25
38338,47,Female,USA,85157,6,5,5,Low,Gold,100.0
34547,59,Female,UK,81296,5,2,1,Low,Gold,76.06
17072,40,Female,UK,77167,5,6,20,High,Bronze,98.83
26422,49,Female,USA,69542,3,9,8,High,Gold,100.0
24774,31,Male,USA,97768,7,7,5,Medium,Gold,100.0
5962,55,Male,Canada,113526,6,5,19,Medium,Bronze,100.0
24960,36,Female,UK,87230,9,4,7,High,Gold,100.0
33935,49,Male,Germany,118225,1,2,11,High,Silver,54.84
3259,21,Female,France,81432,1,9,14,High,Bronze,82.68
26101,28,Female,Canada,37389,1,9,8,Medium,Bronze,83.47
15271,58,Female,Canada,68300,2,5,16,High,Bronze,87.85
20116,32,Female,Canada,99905,8,7,15,Low,Gold,100.0
9817,44,Female,UK,118205,2,4,4,Medium,Silver,76.59
19501,48,Male,Germany,112958,4,8,19,Low,Bronze,100.0
35217,67,Female,France,109529,8,2,15,Medium,Bronze,93.46
27948,68,Female,UK,109276,5,3,8,Medium,Silver,84.88
5104,51,Female,USA,87991,8,3,9,Low,Silver,92.84
26260,26,Female,France,116407,1,5,11,Medium,Silver,80.71
19471,68,Female,Canada,76075,3,2,12,Low,Bronze,92.67
34546,33,Female,USA,43065,5,8,3,High,Gold,79.82
29548,20,Male,UK,58687,3,1,5,High,Gold,58.29
13748,24,Female,Canada,65887,4,4,4,High,Bronze,51.83
2449,68,Male,Canada,62245,7,1,5,Medium,Silver,78.39
28668,44,Male,UK,70889,6,10,4,High,Silver,100.0
3635,34,Female,Canada,57123,4,2,4,Low,Bronze,58.92
38310,46,Male,France,102753,9,10,7,Medium,Gold,100.0
7763,31,Female,Germany,37926,1,1,16,Medium,Bronze,20.36
23464,24,Male,France,112200,5,8,6,Medium,Silver,100.0
17902,65,Female,Canada,44045,2,4,14,High,Gold,62.78
17540,33,Female,USA,51060,2,1,17,Medium,Silver,48.77
31531,26,Female,France,75074,7,10,13,High,Gold,100.0
15326,35,Female,Germany,76285,2,2,8,Medium,Silver,47.34
31736,44,Female,Canada,87302,8,3,3,High,Bronze,91.25
27803,24,Male,France,45282,7,6,13,Medium,Gold,77.3
28250,34,Female,UK,74593,8,10,11,High,Silver,100.0
13879,20,Female,UK,32873,4,6,13,Medium,Silver,71.42
25955,24,Male,Canada,56389,5,7,8,Low,Gold,90.63
18721,31,Male,France,79544,7,4,4,High,Gold,86.02
12106,66,Female,Germany,113638,6,7,10,Medium,Silver,100.0
13162,22,Male,Germany,112937,6,9,18,Low,Bronze,100.0
26766,27,Female,France,95164,5,8,11,High,Bronze,100.0
12516,28,Female,Germany,109509,9,4,15,High,Silver,98.02
5921,68,Male,France,48745,5,3,13,Medium,Silver,79.64
1677,62,Female,Canada,42224,6,6,15,High,Bronze,81.71
2154,47,Male,UK,73908,1,1,17,Medium,Gold,35.98
4999,53,Male,Germany,94338,10,8,2,Medium,Silver,100.0
243,49,Male,USA,70679,2,10,8,Medium,Silver,94.05
37462,57,Female,Germany,53543,10,3,20,High,Gold,91.45
16409,49,Female,Germany,57057,1,10,13,High,Bronze,93.51
37724,32,Female,France,93627,7,4,9,Low,Silver,100.0
6120,64,Female,UK,97769,1,6,15,Low,Bronze,87.4
33230,60,Male,France,116025,3,2,11,High,Gold,57.28
2011,24,Male,France,106157,2,4,11,High,Gold,59.56
34315,69,Male,USA,69201,8,6,8,Medium,Silver,100.0
6584,42,Female,France,32648,1,3,9,High,Gold,60.2
10722,27,Male,UK,75509,6,8,7,High,Silver,85.45
4578,44,Male,USA,99625,1,10,7,Low,Bronze,95.1
26426,55,Female,Germany,99544,2,2,14,High,Bronze,75.86
297,65,Female,UK,109998,10,2,19,High,Silver,100.0
27014,44,Male,Germany,39810,6,9,15,High,Gold,90.16
36193,33,Female,Germany,49093,6,3,8,Medium,Bronze,74.68
35132,20,Male,UK,37761,8,10,13,High,Bronze,100.0
16913,24,Female,Canada,60030,10,10,1,Medium,Bronze,100.0
16497,36,Male,Canada,110525,5,5,11,Low,Silver,100.0
19017,30,Female,Canada,31760,2,7,10,Medium,Gold,66.98
29462,61,Male,USA,68798,8,3,3,High,Gold,98.45
11692,41,Male,UK,86414,10,6,1,High,Gold,95.5
2636,33,Male,Canada,109923,10,1,12,Low,Gold,91.91
1341,38,Female,Canada,37787,5,8,16,Low,Silver,78.91
11777,18,Male,Canada,73695,9,5,16,Medium,Bronze,94.3
19362,37,Female,UK,33413,3,6,7,High,Bronze,63.29
17096,48,Female,USA,100041,4,2,11,High,Gold,84.37
28693,32,Male,Germany,40934,9,1,13,High,Bronze,60.28
19074,59,Male,USA,89845,6,4,12,Low,Silver,100.0
20069,69,Male,Germany,78411,3,8,19,High,Gold,100.0
22614,35,Female,Canada,86728,10,7,19,Medium,Bronze,100.0
12479,48,Female,France,87523,5,8,14,Medium,Silver,100.0
33324,49,Male,USA,57430,6,4,15,High,Bronze,74.27
17932,61,Female,Canada,61709,9,2,10,High,Silver,86.6
2168,49,Male,Canada,30853,5,8,11,High,Gold,90.77
11797,41,Male,Germany,98019,8,7,20,Low,Bronze,100.0
16765,55,Male,USA,117691,5,5,4,Low,Silver,86.04
25020,47,Female,UK,114689,4,4,10,High,Gold,70.71
23655,44,Female,Germany,71809,2,10,15,High,Bronze,97.0
5938,54,Female,France,70184,7,7,9,Medium,Silver,100.0
24939,31,Female,Canada,84658,2,8,9,Medium,Silver,74.89
1836,57,Male,USA,101373,2,7,7,High,Gold,87.87
5369,34,Male,UK,99524,6,7,8,Medium,Bronze,99.11
24378,69,Female,Germany,74294,6,8,18,Medium,Silver,100.0
16728,42,Female,UK,90977,3,1,20,Low,Silver,72.67
22268,52,Male,UK,48037,7,8,13,Medium,Bronze,100.0
31295,47,Male,Germany,34165,4,6,6,High,Silver,65.13
29446,37,Male,UK,75244,10,10,1,High,Bronze,100.0
4046,26,Male,France,41364,2,5,17,High,Silver,72.66
24028,62,Female,USA,82699,9,6,17,Low,Bronze,100.0
31803,66,Male,UK,96501,2,4,2,Low,Bronze,85.86
5407,61,Female,USA,94304,10,4,17,High,Bronze,100.0
22137,62,Female,Germany,93101,7,5,1,High,Bronze,100.0
30571,46,Male,Germany,84324,8,5,17,Low,Silver,100.0
16025,20,Male,France,51039,8,4,6,High,Gold,90.75
8862,48,Male,Canada,109616,4,3,14,Medium,Silver,80.33
22977,38,Male,USA,116196,3,1,15,Medium,Bronze,58.12
16297,51,Female,Canada,64023,5,7,7,Medium,Bronze,95.01
8768,20,Female,Canada,54371,8,7,9,Low,Gold,95.98
19831,46,Male,UK,75131,5,9,16,Low,Silver,100.0
33463,67,Male,Canada,71382,2,10,1,Low,Gold,97.32
23041,41,Male,USA,114644,2,4,7,High,Bronze,67.35
36078,30,Male,Canada,77176,9,1,18,Medium,Silver,99.29
22978,51,Male,USA,51268,1,9,2,High,Bronze,80.52
5581,18,Female,France,47666,3,1,6,Medium,Silver,46.53
28436,67,Female,UK,36604,7,7,5,High,Silver,100.0
14984,22,Female,USA,107548,7,5,20,Low,Gold,91.02
10369,35,Male,UK,40172,6,5,18,Low,Silver,81.8
3451,21,Male,Canada,45271,8,1,17,Medium,Gold,54.9
16041,34,Male,Canada,110141,2,5,10,Medium,Silver,80.58
7376,56,Female,France,64422,3,3,17,Medium,Silver,74.19
22272,62,Male,Canada,98807,1,2,15,Low,Silver,65.81
14514,33,Male,Germany,104833,1,8,17,High,Bronze,100.0
16438,65,Female,Germany,39234,3,10,16,High,Bronze,100.0
3304,51,Male,Canada,52808,1,3,1,High,Gold,44.28
26343,30,Female,France,87226,2,4,10,High,Silver,70.56
25357,53,Male,Canada,44245,6,2,16,Low,Silver,78.08
12478,36,Female,USA,63473,8,10,20,High,Bronze,100.0
17913,24,Female,France,59973,4,9,8,Low,Silver,80.14
27629,33,Male,UK,70850,5,6,18,Low,Bronze,75.94
26506,46,Male,USA,114292,3,4,11,High,Bronze,90.83
19994,46,Female,USA,113441,8,1,18,Medium,Gold,100.0
10862,33,Female,USA,33677,10,9,19,High,Gold,100.0
24236,21,Male,UK,83839,2,1,12,Low,Bronze,57.18
12189,50,Male,Germany,50711,5,8,3,Medium,Bronze,92.54
9919,52,Female,UK,105290,6,10,12,Low,Bronze,100.0
29250,41,Female,Canada,75759,5,6,6,High,Bronze,100.0
27959,34,Female,Canada,109140,9,5,20,Low,Gold,100.0
9275,29,Male,France,41752,3,3,9,Medium,Gold,48.36
33911,26,Male,Germany,35904,9,2,15,High,Bronze,61.07
25143,20,Male,France,80538,9,9,17,Medium,Silver,100.0
18240,22,Male,UK,103013,5,6,15,High,Silver,82.23
10507,59,Female,Canada,55219,10,6,15,Medium,Silver,100.0
35765,49,Male,France,82774,5,9,20,Low,Gold,100.0
15405,61,Female,USA,113122,10,6,11,Medium,Silver,100.0
3699,52,Female,UK,32954,6,4,16,Medium,Bronze,100.0
35616,53,Female,USA,81774,6,10,8,High,Gold,100.0
21969,45,Female,Canada,88539,8,10,15,High,Silver,100.0
24825,64,Female,USA,67809,3,7,6,Low,Bronze,97.04
15420,26,Female,USA,57605,7,10,2,High,Gold,95.95
636,36,Male,France,118343,2,10,16,High,Silver,84.47
28488,43,Male,Canada,84776,4,6,1,Medium,Bronze,70.08
25865,43,Female,Germany,43624,5,6,17,Medium,Bronze,77.02
23421,36,Female,UK,56477,9,8,17,Low,Silver,100.0
32511,44,Female,UK,67373,5,5,8,High,Bronze,79.84
9002,27,Female,USA,52128,2,7,16,Medium,Bronze,87.6
1797,57,Male,France,52535,2,7,9,Medium,Silver,80.28
31840,55,Male,USA,94720,2,10,16,Medium,Silver,100.0
8342,45,Male,Germany,77400,4,8,11,Low,Silver,100.0
298,29,Female,USA,107967,5,9,3,High,Bronze,99.27
2536,66,Female,France,116424,2,3,11,Medium,Gold,71.33
27702,61,Female,France,71266,3,8,4,High,Silver,95.34
15266,40,Male,Germany,48854,1,6,19,High,Bronze,64.9
21372,26,Female,UK,93067,8,2,12,Medium,Gold,92.91
25327,27,Male,Canada,49092,5,10,10,Low,Gold,100.0
26070,38,Female,USA,108600,6,4,9,Low,Bronze,95.17
3507,50,Female,Canada,99906,8,10,16,High,Bronze,100.0
36473,58,Male,France,30535,9,3,2,Low,Bronze,86.96
7263,62,Female,UK,51966,7,1,9,Medium,Bronze,75.14
37100,63,Female,France,65762,5,3,16,Low,Gold,83.27
37650,53,Female,USA,59517,8,3,10,Low,Silver,100.0
22264,41,Female,Canada,74490,6,5,3,High,Silver,74.04
23432,59,Male,Germany,115539,7,7,16,High,Gold,100.0
21218,19,Male,USA,40782,8,2,18,Medium,Silver,97.38
30835,40,Male,UK,61270,10,4,4,High,Gold,92.82
32612,69,Female,Canada,61859,5,3,20,Medium,Gold,100.0
14034,67,Female,UK,57150,8,10,18,High,Bronze,100.0
24446,38,Male,USA,91827,2,3,15,Low,Gold,55.9
8781,69,Female,Canada,77036,2,9,4,High,Gold,100.0
37732,35,Male,France,82340,2,2,19,Low,Gold,40.58
4151,40,Female,Germany,82366,5,9,11,High,Gold,98.94
9202,21,Male,Germany,96332,6,6,5,Medium,Gold,85.42
16561,52,Female,USA,111757,4,4,7,Low,Bronze,81.51
2163,37,Male,UK,72005,5,4,3,High,Bronze,93.22
8931,56,Male,USA,93599,8,4,18,High,Gold,100.0
34854,47,Female,France,33698,2,4,9,Low,Silver,66.09
20494,66,Male,Germany,85840,2,5,19,Low,Silver,75.13
17846,40,Male,France,38300,5,2,10,Low,Bronze,59.07
8186,27,Male,Germany,57915,2,9,9,High,Gold,72.73
22851,22,Female,Canada,117695,1,5,8,Medium,Gold,73.17
19583,26,Female,Canada,59465,6,2,1,Low,Gold,88.55
34230,34,Male,Germany,63657,9,4,5,High,Bronze,89.92
37008,31,Male,Canada,82723,9,5,6,Low,Bronze,90.09
17814,56,Female,UK,50861,1,4,20,Medium,Bronze,82.38
17607,27,Female,USA,52411,9,4,1,Low,Silver,95.4
22601,42,Female,Germany,83223,10,2,2,Medium,Gold,94.38
6888,55,Female,USA,87358,5,3,1,Medium,Bronze,81.68
31682,52,Male,Canada,105168,3,10,20,Medium,Silver,100.0
28345,38,Male,Canada,35897,5,2,17,Medium,Silver,67.72
37865,18,Male,UK,54317,9,10,8,Low,Bronze,100.0
37630,30,Female,USA,89521,5,1,16,Medium,Silver,78.02
17131,26,Female,UK,74572,10,4,12,Low,Gold,100.0
26832,29,Female,France,38704,3,7,17,Low,Silver,65.6
38065,27,Male,USA,42691,2,3,18,High,Silver,57.73
18999,59,Female,UK,111764,7,10,3,High,Bronze,100.0
28672,42,Female,Canada,105680,7,7,2,Medium,Gold,100.0
31643,68,Female,UK,102578,5,5,8,Medium,Silver,100.0
18353,31,Male,UK,56138,9,5,19,Medium,Gold,100.0
4594,49,Female,Canada,72089,9,2,14,High,Silver,83.02
6286,20,Female,Germany,62026,3,10,6,Medium,Silver,81.84
28059,58,Female,Canada,109622,2,6,3,Medium,Gold,74.7
2005,37,Male,Canada,48554,8,7,19,High,Gold,100.0
10820,59,Male,USA,112715,5,2,2,High,Gold,80.45
27984,68,Male,Germany,44116,9,4,1,High,Gold,84.29
17604,24,Male,France,48665,7,5,7,Medium,Silver,91.46
24126,34,Female,USA,111473,2,3,17,Low,Bronze,63.66
4153,44,Male,Canada,44436,9,5,19,Low,Silver,97.5
9219,68,Male,France,58821,1,6,2,Medium,Silver,87.92
3442,21,Male,USA,63271,7,6,18,Medium,Silver,97.12
18078,32,Male,UK,106389,10,5,12,High,Gold,100.0
9861,54,Male,Germany,56543,6,2,10,Low,Silver,60.94
14028,30,Female,Germany,94654,8,4,9,Low,Silver,97.96
23137,53,Female,France,105638,5,4,4,Low,Silver,96.46
11090,28,Female,UK,63413,1,9,11,High,Silver,83.14
21200,32,Female,USA,104359,10,5,2,Low,Bronze,100.0
34905,51,Male,Germany,68949,10,8,20,Medium,Gold,100.0
21794,32,Male,Germany,104187,10,8,18,High,Silver,100.0
36860,57,Male,UK,53378,2,1,7,High,Silver,53.95
7144,64,Female,Germany,75880,6,5,17,High,Silver,97.38
22962,68,Male,Canada,45739,3,10,19,High,Silver,90.74
23824,28,Female,UK,115738,5,3,17,Low,Silver,79.67
8647,40,Female,Canada,69520,4,5,10,Medium,Silver,78.49
30220,25,Female,USA,47535,4,5,5,Medium,Bronze,54.37
17283,45,Female,Canada,113941,7,5,14,High,Gold,91.68
23202,64,Male,UK,93596,5,6,20,High,Silver,100.0
27717,46,Female,Canada,101416,3,3,5,Medium,Gold,66.86
11817,34,Male,Germany,57682,6,6,12,Low,Bronze,86.68
13914,18,Female,France,81240,6,1,15,Medium,Gold,70.82
37215,56,Male,UK,99403,1,4,12,High,Silver,82.53
16759,42,Female,Germany,110391,10,8,16,Low,Bronze,100.0
34285,28,Female,UK,117448,5,2,11,Medium,Gold,75.09
17005,64,Male,France,95735,9,10,17,High,Gold,100.0
14660,54,Male,Canada,118928,5,5,12,Medium,Bronze,100.0
21439,40,Male,Germany,118803,10,2,6,Medium,Gold,100.0
4530,23,Male,Germany,118027,3,9,10,High,Gold,100.0
1345,37,Female,USA,47510,5,1,18,High,Silver,82.21
20382,44,Male,France,32248,5,8,2,Medium,Silver,87.34
30135,23,Male,UK,116980,1,2,19,Medium,Silver,56.21
20998,66,Female,Germany,114599,3,10,9,Medium,Gold,100.0
33398,19,Male,UK,65388,8,1,3,Medium,Bronze,66.62
2280,68,Female,UK,41537,6,1,10,Low,Silver,72.93
23336,58,Male,Germany,104226,10,9,20,Medium,Gold,100.0
10943,33,Male,Germany,49953,9,4,14,High,Bronze,100.0
11154,48,Female,Canada,30816,7,1,12,Low,Silver,59.5
38109,55,Male,Canada,52413,7,2,14,High,Gold,86.77
18783,22,Male,Canada,63121,7,10,19,Medium,Silver,100.0
30590,59,Male,Germany,67580,6,1,8,High,Silver,78.14
35390,38,Male,France,35188,10,7,5,Medium,Silver,100.0
26149,57,Female,Germany,105144,7,10,8,High,Silver,100.0
37213,50,Female,UK,107956,5,1,10,High,Bronze,70.56
13391,38,Female,USA,112957,3,3,2,Medium,Gold,76.46
3007,30,Female,UK,51874,8,8,3,Low,Bronze,100.0
14043,50,Male,Canada,113440,8,6,2,High,Gold,100.0
1104,53,Female,Canada,43720,7,8,7,High,Gold,100.0
30034,45,Male,UK,75541,4,9,3,Low,Bronze,100.0
11321,44,Female,Germany,49740,5,5,15,High,Bronze,72.69
6070,65,Female,Canada,92873,5,1,15,High,Gold,78.26
8407,51,Male,UK,41192,8,1,13,Low,Gold,79.57
9131,41,Female,Germany,75608,5,4,6,High,Silver,73.76
34691,56,Male,Canada,68092,3,3,16,Low,Gold,72.93
28225,59,Female,France,58008,4,5,15,Medium,Silver,75.02
1136,67,Male,USA,101758,7,6,8,High,Gold,100.0
33550,26,Female,Germany,64004,7,1,7,High,Gold,60.26
5841,53,Male,Canada,82750,8,8,7,Medium,Silver,100.0
38058,22,Female,Canada,81933,5,9,19,Low,Bronze,100.0
8452,44,Female,France,87766,4,2,3,Low,Silver,80.95
2339,50,Female,USA,46029,1,7,11,Low,Bronze,74.58
20449,41,Male,USA,92652,4,1,1,Medium,Gold,61.83
36413,30,Male,France,52857,4,8,15,Low,Bronze,91.65
22793,50,Female,UK,36505,1,9,18,Low,Silver,75.24
259,23,Male,Germany,31712,2,7,14,High,Gold,69.13
8684,61,Male,USA,88364,10,5,10,Medium,Bronze,100.0
18224,63,Female,Germany,64634,8,2,12,High,Silver,74.25
28573,26,Female,USA,63286,10,9,3,Low,Gold,100.0
10200,33,Male,Germany,79783,9,3,19,Low,Bronze,92.31
2370,36,Female,UK,59674,5,5,17,Medium,Bronze,94.65
6889,44,Male,France,116172,5,8,7,Medium,Gold,100.0
32797,64,Male,UK,116470,5,8,3,Low,Bronze,98.09
30144,20,Male,Germany,72213,6,3,8,Medium,Silver,80.44
12543,61,Female,UK,63919,4,1,16,Medium,Gold,76.8
10011,24,Female,UK,109369,9,6,10,High,Bronze,100.0
15606,46,Female,USA,94151,2,3,20,Low,Gold,70.78
2538,61,Male,France,92425,8,8,19,Low,Bronze,100.0
23525,65,Female,Canada,62132,3,10,2,Medium,Gold,95.48
22568,38,Female,UK,61610,10,10,11,High,Bronze,100.0
31961,61,Female,Canada,75451,7,3,3,Medium,Silver,94.6
31380,30,Female,UK,100978,3,7,16,High,Gold,94.17
18079,46,Female,Canada,81350,2,6,20,Low,Gold,78.29
30802,46,Male,Germany,100352,9,3,5,High,Silver,100.0
12349,22,Male,France,34517,9,1,18,High,Bronze,72.6
34862,32,Female,Canada,85583,4,1,6,Medium,Silver,46.45
35012,62,Female,Canada,114086,10,1,6,Low,Gold,100.0
1097,64,Female,UK,89575,10,6,17,Low,Gold,100.0
21319,44,Female,France,33644,2,2,6,High,Silver,53.97
17030,32,Male,Canada,34797,3,3,9,Low,Silver,58.5
36553,51,Female,France,107264,3,1,10,High,Bronze,66.37
2624,53,Male,Germany,86262,8,9,16,Low,Gold,100.0
24375,35,Male,UK,74525,7,4,19,Low,Gold,100.0
29545,38,Female,Canada,94702,10,7,6,Medium,Gold,100.0
6399,22,Female,UK,31602,4,6,5,High,Silver,82.65
37936,65,Female,Canada,76612,6,8,16,Medium,Gold,100.0
20202,32,Male,UK,87941,6,3,20,Medium,Bronze,67.58
11801,42,Male,Canada,115992,7,2,6,High,Silver,87.11
9886,60,Female,UK,105754,1,7,16,High,Silver,90.12
12837,57,Female,France,51106,8,3,8,Low,Bronze,77.77
14218,19,Male,Germany,79070,9,3,15,Low,Silver,94.56
19932,49,Female,Canada,30339,4,6,6,Low,Bronze,83.79
16160,56,Female,Germany,97382,4,7,8,Low,Silver,97.32
20349,54,Female,Canada,112299,8,1,18,Low,Bronze,95.0
19000,18,Male,Canada,102314,10,7,6,High,Gold,100.0
5777,42,Male,France,87022,8,7,8,High,Silver,100.0
32039,45,Female,Canada,99032,3,1,7,Medium,Gold,55.45
1143,52,Male,Germany,93381,8,9,20,Low,Silver,100.0
8737,32,Female,UK,71115,6,3,2,Medium,Silver,68.24
19785,57,Male,France,72589,6,6,9,Medium,Gold,86.26
2915,22,Female,Canada,48473,4,1,19,High,Silver,46.84
26928,51,Female,UK,34974,5,1,7,High,Bronze,59.46
829,34,Male,USA,60998,8,4,18,Medium,Bronze,100.0
112,68,Male,Canada,112389,2,6,3,Medium,Bronze,81.08
5972,30,Male,France,91145,6,5,14,Low,Bronze,87.24
1343,24,Male,UK,89037,6,8,1,High,Silver,97.97
10701,53,Male,USA,37222,8,7,18,High,Gold,100.0
10978,32,Male,France,67975,8,6,8,Low,Gold,100.0
9223,62,Male,USA,45314,8,5,5,Low,Bronze,84.42
15349,22,Female,Canada,92148,10,10,1,Medium,Gold,100.0
27210,55,Female,USA,31253,5,6,13,High,Gold,95.76
23965,56,Female,USA,80357,10,5,1,High,Gold,100.0
9292,66,Female,UK,62724,5,5,14,Medium,Gold,98.68
26282,27,Male,Canada,64329,6,6,13,Low,Gold,74.92
5919,57,Female,UK,62597,3,7,18,High,Bronze,100.0
23641,18,Male,Germany,30819,9,2,13,Medium,Bronze,81.27
14670,32,Male,France,117355,3,9,5,Low,Bronze,100.0
21515,41,Male,UK,80919,5,7,16,Low,Silver,100.0
2032,64,Male,Canada,31633,5,5,17,Medium,Gold,100.0
29538,44,Female,Canada,31495,7,7,4,High,Gold,92.07
21680,23,Male,UK,71548,7,2,6,Low,Gold,81.91
11042,65,Male,Canada,60874,4,2,14,High,Gold,76.78
16571,61,Female,Canada,84547,9,10,8,Medium,Bronze,100.0
1036,59,Female,USA,38572,1,6,18,High,Silver,74.59
12246,49,Female,USA,57272,7,1,11,Medium,Gold,71.37
6338,59,Female,USA,44869,10,7,15,Low,Bronze,100.0
4866,25,Female,France,103108,10,3,11,Low,Gold,93.68
4001,28,Female,USA,61065,4,9,11,Low,Silver,89.87
12193,37,Female,France,67802,3,9,16,Medium,Silver,91.82
23675,28,Male,Canada,59705,1,3,2,High,Bronze,51.62
28676,50,Male,Germany,34789,3,8,2,High,Bronze,60.96
23268,27,Male,Canada,91514,7,2,8,High,Gold,88.17
7241,38,Female,Canada,67588,4,6,3,High,Gold,65.07
26380,39,Female,UK,101813,2,2,10,Medium,Silver,60.06
21326,65,Male,France,71782,3,7,10,Low,Bronze,100.0
37700,29,Female,Germany,58404,3,5,16,Low,Gold,72.8
23210,50,Male,UK,55135,7,1,1,High,Bronze,54.99
14700,21,Female,Canada,60261,1,4,9,Medium,Gold,64.74
24199,32,Male,Germany,99468,1,9,20,Low,Gold,87.57
34485,47,Female,France,35931,9,6,7,Low,Gold,100.0
12227,50,Male,Germany,108172,5,3,8,High,Gold,100.0
12677,48,Male,France,30523,7,9,4,Medium,Silver,100.0
11974,48,Male,USA,78828,1,10,12,Medium,Silver,100.0
14751,34,Male,USA,51641,2,4,17,Medium,Silver,65.42
33260,19,Male,Canada,92117,5,5,8,Medium,Bronze,82.15
17728,66,Male,Germany,66175,10,1,17,High,Silver,99.63
32429,38,Male,UK,114025,3,6,17,Low,Gold,96.98
23503,54,Female,France,48610,1,10,4,Low,Bronze,92.69
36748,30,Female,France,44726,9,4,11,Medium,Gold,100.0
33922,66,Female,Germany,57205,4,7,18,Medium,Bronze,89.16
30346,23,Female,France,31191,1,5,4,Low,Silver,35.21
23453,69,Male,USA,62879,9,8,8,Low,Gold,100.0
37933,51,Male,France,62507,6,9,14,Low,Silver,97.64
17727,28,Male,USA,106539,2,7,17,Medium,Bronze,95.98
9226,53,Female,UK,104341,8,8,9,Low,Bronze,100.0
17351,42,Male,Canada,105737,5,8,1,High,Silver,98.1
27329,58,Female,USA,37106,9,4,10,Medium,Silver,77.19
3968,45,Male,Germany,88638,9,1,11,High,Silver,89.75
35373,65,Male,Germany,106148,8,5,14,Medium,Silver,100.0
5704,53,Female,Germany,64778,3,7,6,Medium,Gold,75.34
8988,55,Female,UK,86443,2,10,11,High,Gold,97.52
12226,62,Male,UK,62813,9,6,3,High,Silver,90.87
18215,45,Female,Germany,68708,5,6,5,High,Silver,77.09
7419,31,Male,France,51045,8,10,2,Medium,Gold,100.0
28770,32,Male,USA,102352,9,9,20,Low,Silver,100.0
7465,28,Female,Canada,54944,7,9,5,Medium,Silver,100.0
2431,60,Female,Germany,74407,7,6,19,Medium,Bronze,100.0
27242,60,Male,USA,112274,2,8,12,High,Bronze,95.59
29942,45,Male,UK,84094,10,8,11,High,Gold,100.0
27652,24,Female,UK,94350,6,4,11,Low,Silver,95.64
15919,49,Female,Germany,38002,9,7,18,Medium,Silver,100.0
27466,56,Female,UK,86354,7,10,15,High,Gold,100.0
18896,43,Female,Canada,90280,2,2,2,Low,Bronze,77.62
38019,51,Male,France,62245,8,6,19,High,Silver,100.0
15356,55,Female,USA,93147,10,2,18,Low,Silver,98.42
24097,39,Male,Germany,116066,5,7,4,High,Gold,100.0
16068,40,Male,Germany,62892,2,10,1,Medium,Gold,74.86
20512,42,Male,Canada,100128,10,6,15,Medium,Silver,100.0
5078,63,Male,UK,78281,5,2,2,Low,Gold,68.66
29127,25,Female,UK,101194,10,5,6,High,Gold,92.08
4607,44,Female,Canada,48378,3,10,13,Low,Gold,91.8
29866,55,Female,Canada,84530,7,2,6,Medium,Silver,95.89
32663,64,Male,France,38869,3,5,15,Medium,Silver,63.89
31893,19,Female,Canada,49825,6,3,16,Low,Bronze,77.04
11708,45,Male,USA,66273,4,2,9,Medium,Bronze,75.77
3859,49,Male,UK,39653,9,3,8,Medium,Gold,89.35
7540,20,Female,France,77294,8,6,6,High,Silver,82.23
37648,29,Female,Germany,112922,4,10,19,High,Gold,100.0
26128,48,Female,Germany,60507,9,8,2,Low,Gold,100.0
21168,58,Female,France,50469,3,1,18,Medium,Silver,63.67
14723,64,Female,France,43376,4,5,4,Medium,Gold,74.44
33614,21,Male,France,67466,2,1,7,Low,Bronze,67.79
21390,55,Female,USA,86356,5,10,4,Medium,Gold,99.97
27248,60,Male,UK,100238,6,10,20,Low,Silver,100.0
14971,55,Male,UK,74996,5,4,14,High,Bronze,80.71
29106,28,Male,UK,81170,1,2,7,Medium,Bronze,41.87
14107,68,Female,Germany,35214,7,7,20,High,Gold,100.0
26836,23,Female,Germany,92946,4,9,13,Medium,Silver,100.0
9663,38,Female,Germany,33541,4,1,5,Low,Gold,50.62
33824,23,Male,France,79331,8,2,12,Low,Bronze,94.38
6807,57,Female,USA,33183,10,9,4,Medium,Bronze,100.0
15328,64,Female,Germany,119722,5,7,14,Low,Silver,100.0
28007,20,Male,France,77238,5,5,4,High,Bronze,78.0
33721,46,Female,Germany,62354,4,7,19,High,Bronze,90.59
26289,54,Female,Canada,34707,8,6,18,High,Silver,100.0
25422,25,Male,USA,65929,5,8,13,Low,Gold,95.47
31005,44,Male,UK,94838,2,8,8,Medium,Bronze,81.94
29899,33,Female,UK,108731,10,4,3,Medium,Bronze,100.0
167,56,Male,UK,59206,5,7,4,High,Gold,79.87
36586,26,Male,UK,66678,2,4,6,Medium,Gold,56.85
35482,53,Female,USA,106827,2,1,20,High,Gold,60.29
30289,26,Female,USA,75320,8,8,14,High,Silver,100.0
23033,29,Male,USA,50741,5,5,4,Medium,Gold,80.08
29249,29,Female,Canada,84170,5,2,1,Medium,Bronze,57.66
27920,69,Female,UK,79259,7,2,8,High,Silver,92.28
21212,31,Male,UK,32093,6,8,20,Low,Gold,91.52
10816,59,Male,France,93479,2,5,20,High,Bronze,80.4
35808,64,Female,UK,43620,3,7,8,High,Gold,82.5
25494,68,Female,France,108581,3,2,15,Low,Bronze,73.29
23130,62,Male,UK,67074,9,9,13,Medium,Bronze,100.0
25180,28,Male,USA,40695,9,8,12,Medium,Bronze,99.19
18876,62,Female,Canada,68709,10,5,6,Medium,Gold,100.0
15063,34,Female,USA,36694,6,5,9,Low,Bronze,80.74
3263,24,Male,USA,38942,5,1,5,High,Gold,58.22
8545,61,Female,Germany,96067,8,7,5,Low,Bronze,100.0
2557,19,Female,USA,71506,5,5,6,Low,Bronze,54.34
37625,19,Female,USA,106516,9,4,14,Medium,Bronze,100.0
3798,28,Female,France,33311,6,4,11,Medium,Gold,80.56
36437,24,Male,UK,37062,6,9,10,Low,Gold,83.49
36960,30,Male,France,54842,1,2,12,Medium,Silver,37.33
16404,61,Female,France,78760,10,2,17,Low,Silver,100.0
13004,68,Male,USA,115420,5,10,8,High,Silver,100.0
20388,26,Male,Canada,117064,6,7,13,Medium,Silver,100.0
29397,41,Male,Canada,91421,8,4,19,High,Silver,100.0
30254,59,Female,USA,79067,2,2,14,High,Gold,69.22
11026,51,Male,UK,35639,1,6,16,Low,Gold,71.04
15657,44,Male,Germany,83676,10,3,16,High,Bronze,100.0
11734,67,Male,Germany,71070,5,1,1,Medium,Gold,71.9
24112,65,Male,Germany,76973,1,1,13,Low,Bronze,57.08
16294,68,Male,Canada,81255,1,4,11,Medium,Bronze,93.64
23232,63,Female,UK,115411,8,1,20,Medium,Gold,97.2
27067,49,Female,Canada,88883,2,1,4,High,Silver,48.71
7665,24,Female,USA,73947,3,5,8,High,Bronze,87.13
3640,25,Male,USA,98578,10,8,10,High,Bronze,100.0
20159,38,Female,USA,106970,10,7,19,Low,Gold,100.0
13782,66,Female,USA,63326,3,7,8,Low,Gold,100.0
4116,31,Male,UK,111331,4,4,11,Medium,Bronze,65.31
13826,32,Male,USA,107905,10,6,18,High,Bronze,100.0
37359,38,Female,Canada,100339,6,1,11,Low,Gold,73.9
28372,52,Male,USA,33830,2,5,5,Medium,Bronze,45.84
13888,62,Male,Canada,63826,6,4,15,Medium,Silver,86.67
36484,18,Female,France,77309,2,6,8,Medium,Silver,69.92
19730,61,Male,USA,43528,10,10,19,High,Bronze,100.0
31621,57,Female,France,111960,3,9,16,High,Bronze,100.0
6874,40,Female,Germany,32819,2,7,9,High,Gold,72.89
4821,51,Male,USA,99018,4,4,19,Low,Bronze,99.93
3124,21,Female,France,74133,9,8,15,Medium,Gold,100.0
33033,36,Female,USA,117232,6,6,12,High,Silver,100.0
14389,67,Male,USA,93327,5,3,5,Low,Bronze,100.0
11338,58,Female,Canada,100085,2,9,10,Medium,Gold,100.0
27350,57,Female,UK,97075,5,2,3,Medium,Silver,83.22
36462,39,Male,Canada,47539,9,4,6,Medium,Bronze,77.21
23089,44,Male,France,95217,3,1,18,Medium,Gold,68.67
15472,43,Female,UK,90007,3,2,10,Medium,Bronze,45.33
22484,46,Female,USA,109196,10,7,3,Medium,Bronze,100.0
26351,19,Male,USA,36482,6,10,1,Low,Silver,77.79
21551,66,Male,Canada,40895,3,10,8,Low,Silver,100.0
17823,32,Female,USA,77824,5,3,12,Medium,Gold,80.93
18544,41,Male,Canada,110110,3,10,6,High,Bronze,98.47
17288,57,Female,UK,71108,5,6,11,Low,Bronze,86.97
8241,36,Female,France,67162,3,5,8,Medium,Gold,59.95
1382,55,Male,Canada,84179,7,5,6,Low,Gold,91.22
2049,29,Male,USA,73775,10,7,5,Low,Bronze,100.0
3529,38,Male,UK,96406,6,3,12,Low,Bronze,77.55
22447,36,Female,UK,32285,7,10,19,Medium,Gold,97.96
25844,54,Male,UK,38330,8,3,13,High,Silver,82.99
28256,29,Male,Germany,74714,3,8,20,Low,Bronze,84.39
28104,39,Male,Germany,35236,4,10,17,High,Silver,94.79
19069,34,Female,UK,113953,10,9,9,Medium,Gold,100.0
3941,22,Male,UK,88748,6,3,9,High,Gold,60.03
1430,31,Male,USA,72894,4,9,8,Medium,Gold,94.08
32019,53,Male,Germany,103050,6,2,14,Medium,Gold,100.0
12934,47,Female,Germany,62464,4,10,18,Low,Bronze,98.84
12303,33,Female,Canada,85387,2,3,16,High,Gold,79.42
3967,18,Male,Canada,40569,8,10,8,Low,Gold,100.0
12030,50,Female,Germany,78701,7,6,17,Medium,Gold,100.0
15798,32,Male,Canada,112574,8,1,14,High,Gold,98.86
20294,31,Male,UK,34658,3,10,12,Medium,Bronze,93.51
2908,18,Male,Germany,50704,9,4,2,Low,Silver,90.45
8396,46,Male,UK,64349,4,4,4,High,Gold,67.27
33694,21,Female,Germany,110707,4,3,6,High,Silver,64.05
6526,28,Female,France,91122,10,7,17,High,Bronze,100.0
10075,20,Male,USA,82010,9,1,5,High,Silver,79.56
22110,43,Male,Canada,108193,2,1,8,Low,Bronze,48.23
12027,36,Female,Germany,64400,7,9,17,Low,Silver,100.0
33591,21,Male,USA,93200,8,6,17,Low,Gold,100.0
30655,48,Male,Germany,39132,7,4,1,High,Silver,70.64
16582,26,Male,France,79647,7,5,8,Low,Gold,91.84
19600,19,Male,Germany,54716,2,9,4,Low,Bronze,74.59
23021,37,Male,USA,58473,3,1,20,High,Silver,66.24
24441,55,Female,France,100485,2,7,4,Medium,Gold,76.05
35043,44,Female,France,35893,7,8,10,Medium,Bronze,100.0
13505,33,Female,France,80690,9,9,16,Medium,Bronze,100.0
21985,38,Male,USA,67260,4,5,3,High,Silver,83.64
7198,57,Male,France,99879,8,7,11,Medium,Gold,100.0
11830,59,Female,UK,104702,6,9,17,Low,Silver,100.0
27701,66,Female,USA,117485,4,8,17,Medium,Silver,100.0
10818,49,Female,France,103187,10,3,17,High,Gold,100.0
556,37,Male,France,108279,3,6,12,Low,Gold,69.93
23989,52,Male,UK,106045,4,3,11,Low,Silver,90.58
5996,55,Male,France,89076,2,3,1,High,Gold,58.43
13420,33,Female,USA,57813,10,6,2,High,Silver,83.18
18640,32,Female,UK,33894,8,3,18,Low,Silver,100.0
15488,35,Female,Canada,109683,7,2,13,Low,Silver,75.25
3465,36,Male,Germany,119971,5,10,8,Medium,Silver,100.0
22188,35,Male,UK,48137,1,9,11,Low,Bronze,89.2
842,38,Female,USA,73912,5,3,5,High,Silver,74.01
14802,51,Female,Canada,80314,10,6,7,Low,Bronze,100.0
29070,67,Female,Germany,105687,10,6,3,Medium,Gold,100.0
28948,61,Female,France,46099,10,8,20,Low,Bronze,100.0
12054,58,Female,USA,117926,1,9,11,Medium,Bronze,88.94
17581,49,Male,France,94687,9,8,12,Medium,Gold,100.0
37994,57,Female,UK,65210,7,5,16,High,Silver,100.0
14881,39,Female,Germany,84484,3,6,15,Medium,Silver,97.39
12894,21,Male,USA,61020,1,6,19,Medium,Gold,82.91
895,50,Female,France,108811,5,1,5,High,Gold,67.64
